{
    "fare": {
        "base_fare": 2.5,
        "minimum_fare": 5,
        "fee_per_minute": 0.12,
        "fee_per_mile": 1.28,
        "surge_multiplier_policy": [[-1000,0.1,0.001],[-1000,0.3,0.0008],[0.3,0.5,0.0005],[0.5,0.7,0.0003],[0.7,0.9,0.00005],[0.9,1.5,0],[1.5,1.7,-0.00001],[1.7,1.9,-0.00005],[1.9,1000,-0.0001],[1.9,2.5,-0.005],[2.5,1000,-0.01]]
    },
    "request": {
        "max_driver_distance": 2000
    }
}